<?xml version="1.0" encoding="utf-8"?><!-- Copyright (c) Microsoft Corporation.  All rights reserved. --><GroupPolicyBackupScheme bkp:version="2.0" bkp:type="GroupPolicyBackupTemplate" xmlns:bkp="http://www.microsoft.com/GroupPolicy/GPOOperations" xmlns="http://www.microsoft.com/GroupPolicy/GPOOperations">
    <GroupPolicyObject><SecurityGroups><Group bkp:Source="FromDACL"><Sid><![CDATA[S-1-5-21-2659132651-1931868524-3253559435-519]]></Sid><SamAccountName><![CDATA[Enterprise Admins]]></SamAccountName><Type><![CDATA[UniversalGroup]]></Type><NetBIOSDomainName><![CDATA[RCCAGROUP]]></NetBIOSDomainName><DnsDomainName><![CDATA[rccagroup.regionalcancercare.org]]></DnsDomainName><UPN><![CDATA[Enterprise Admins@rccagroup.regionalcancercare.org]]></UPN></Group><Group bkp:Source="FromDACL"><Sid><![CDATA[S-1-5-21-2659132651-1931868524-3253559435-512]]></Sid><SamAccountName><![CDATA[Domain Admins]]></SamAccountName><Type><![CDATA[GlobalGroup]]></Type><NetBIOSDomainName><![CDATA[RCCAGROUP]]></NetBIOSDomainName><DnsDomainName><![CDATA[rccagroup.regionalcancercare.org]]></DnsDomainName><UPN><![CDATA[Domain Admins@rccagroup.regionalcancercare.org]]></UPN></Group></SecurityGroups><FilePaths/><GroupPolicyCoreSettings><ID><![CDATA[{FF7370F8-DFA1-4260-9493-B4EEDB6664C1}]]></ID><Domain><![CDATA[rccagroup.regionalcancercare.org]]></Domain><SecurityDescriptor>01 00 04 9c 00 00 00 00 00 00 00 00 00 00 00 00 14 00 00 00 04 00 ec 00 08 00 00 00 05 02 28 00 00 01 00 00 01 00 00 00 8f fd ac ed b3 ff d1 11 b4 1d 00 a0 c9 68 f9 39 01 01 00 00 00 00 00 05 0b 00 00 00 00 00 24 00 ff 00 0f 00 01 05 00 00 00 00 00 05 15 00 00 00 eb 24 7f 9e 6c f9 25 73 8b 60 ed c1 00 02 00 00 00 02 24 00 ff 00 0f 00 01 05 00 00 00 00 00 05 15 00 00 00 eb 24 7f 9e 6c f9 25 73 8b 60 ed c1 00 02 00 00 00 02 24 00 ff 00 0f 00 01 05 00 00 00 00 00 05 15 00 00 00 eb 24 7f 9e 6c f9 25 73 8b 60 ed c1 07 02 00 00 00 02 14 00 94 00 02 00 01 01 00 00 00 00 00 05 09 00 00 00 00 02 14 00 94 00 02 00 01 01 00 00 00 00 00 05 0b 00 00 00 00 02 14 00 ff 00 0f 00 01 01 00 00 00 00 00 05 12 00 00 00 00 0a 14 00 ff 00 0f 00 01 01 00 00 00 00 00 03 00 00 00 00</SecurityDescriptor><DisplayName><![CDATA[Liongard Run as System]]></DisplayName><Options><![CDATA[0]]></Options><UserVersionNumber><![CDATA[0]]></UserVersionNumber><MachineVersionNumber><![CDATA[1048592]]></MachineVersionNumber><MachineExtensionGuids><![CDATA[[{00000000-0000-0000-0000-000000000000}{CC5746A9-9B74-4BE5-AE2E-64379C86E0E4}][{91FBB303-0CD5-4055-BF42-E512A681B325}{CC5746A9-9B74-4BE5-AE2E-64379C86E0E4}]]]></MachineExtensionGuids><UserExtensionGuids/><WMIFilter><![CDATA[MSFT_SomFilter.ID="{AA786120-1099-4319-84E3-B7F150CD7242}",Domain="rccagroup.regionalcancercare.org"]]></WMIFilter><WMIFilterName><![CDATA[Servers Only]]></WMIFilterName></GroupPolicyCoreSettings> 
        <GroupPolicyExtension bkp:ID="{35378EAC-683F-11D2-A89A-00C04FBBCFA2}" bkp:DescName="Registry">
            
            
            <FSObjectFile bkp:Path="%GPO_FSPATH%\Adm\*.*" bkp:SourceExpandedPath="\\RCCADBDC01.rccagroup.regionalcancercare.org\sysvol\rccagroup.regionalcancercare.org\Policies\{FF7370F8-DFA1-4260-9493-B4EEDB6664C1}\Adm\*.*"/>
        </GroupPolicyExtension>
        
        
        
        
        
        
        
        
        
    <GroupPolicyExtension bkp:ID="{F15C46CD-82A0-4C2D-A210-5D0D3182A418}" bkp:DescName="Unknown Extension"><FSObjectDir bkp:Path="%GPO_MACH_FSPATH%\Preferences" bkp:SourceExpandedPath="\\RCCADBDC01.rccagroup.regionalcancercare.org\sysvol\rccagroup.regionalcancercare.org\Policies\{FF7370F8-DFA1-4260-9493-B4EEDB6664C1}\Machine\Preferences" bkp:Location="DomainSysvol\GPO\Machine\Preferences"/><FSObjectDir bkp:Path="%GPO_MACH_FSPATH%\Preferences\Services" bkp:SourceExpandedPath="\\RCCADBDC01.rccagroup.regionalcancercare.org\sysvol\rccagroup.regionalcancercare.org\Policies\{FF7370F8-DFA1-4260-9493-B4EEDB6664C1}\Machine\Preferences\Services" bkp:Location="DomainSysvol\GPO\Machine\Preferences\Services"/><FSObjectFile bkp:Path="%GPO_MACH_FSPATH%\Preferences\Services\Services.xml" bkp:SourceExpandedPath="\\RCCADBDC01.rccagroup.regionalcancercare.org\sysvol\rccagroup.regionalcancercare.org\Policies\{FF7370F8-DFA1-4260-9493-B4EEDB6664C1}\Machine\Preferences\Services\Services.xml" bkp:Location="DomainSysvol\GPO\Machine\Preferences\Services\Services.xml"/></GroupPolicyExtension></GroupPolicyObject>
</GroupPolicyBackupScheme>