<BackupInst xmlns="http://www.microsoft.com/GroupPolicy/GPOOperations/Manifest"><GPOGuid><![CDATA[{FF7370F8-DFA1-4260-9493-B4EEDB6664C1}]]></GPOGuid><GPODomain><![CDATA[rccagroup.regionalcancercare.org]]></GPODomain><GPODomainGuid><![CDATA[{2496c13c-f2de-451f-ae75-769dfa1955fe}]]></GPODomainGuid><GPODomainController><![CDATA[RCCADBDC01.rccagroup.regionalcancercare.org]]></GPODomainController><BackupTime><![CDATA[2025-12-23T14:44:08]]></BackupTime><ID><![CDATA[{74F32628-1C64-42CE-842E-A60DB5D49CB5}]]></ID><Comment><![CDATA[Liongard]]></Comment><GPODisplayName><![CDATA[Liongard Run as System]]></GPODisplayName></BackupInst>
